category_id,category_name,playlist_id,playlist_name
0JQ5DAqbMKFQ00XGBls6ym,Hip-Hop,37i9dQZF1DX36edUJpD76c,Modus Mio
0JQ5DAqbMKFQ00XGBls6ym,Hip-Hop,37i9dQZF1DWSTqUqJcxFk6,Deutschrap Brandneu
0JQ5DAqbMKFQ00XGBls6ym,Hip-Hop,37i9dQZF1DX2lUf1uE6Mre,Shisha Club
0JQ5DAqbMKFQ00XGBls6ym,Hip-Hop,37i9dQZF1DX1zpUaiwr15A,Deutschrap Untergrund
0JQ5DAqbMKFQ00XGBls6ym,Hip-Hop,37i9dQZF1DX59oR8I71XgB,word!
0JQ5DAqbMKFEC4WFtoNRpw,Pop,37i9dQZF1DX0D996ZXujBy,Taylor Swift | The Eras Tour Official Setlist
0JQ5DAqbMKFEC4WFtoNRpw,Pop,37i9dQZF1DX5KpP2LN299J,This Is Taylor Swift
0JQ5DAqbMKFEC4WFtoNRpw,Pop,37i9dQZF1DWWvvyNmW9V9a,teen beats
0JQ5DAqbMKFEC4WFtoNRpw,Pop,37i9dQZF1DWZESE3fHLhmD,Fr√ºhlingsgef√ºhle
0JQ5DAqbMKFEC4WFtoNRpw,Pop,37i9dQZF1DX3Ebqev5IkYU,Stimmungsmacher
0JQ5DAqbMKFzHmL4tf05da,Mood,37i9dQZF1DWTvNyxOwkztu,Chillout Lounge
0JQ5DAqbMKFzHmL4tf05da,Mood,37i9dQZF1DX3Ebqev5IkYU,Stimmungsmacher
0JQ5DAqbMKFzHmL4tf05da,Mood,37i9dQZF1DX05r4Oy3Ln97,Summer House 2024
0JQ5DAqbMKFzHmL4tf05da,Mood,37i9dQZF1DWZESE3fHLhmD,Fr√ºhlingsgef√ºhle
0JQ5DAqbMKFzHmL4tf05da,Mood,37i9dQZF1DXdPec7aLTmlC,Happy Hits!
0JQ5DAqbMKFDXXwE9BDJAr,Rock,37i9dQZF1DWZJhOVGWqUKF,Rock Rotation
0JQ5DAqbMKFDXXwE9BDJAr,Rock,37i9dQZF1DX4vth7idTQch,Rockhymnen
0JQ5DAqbMKFDXXwE9BDJAr,Rock,37i9dQZF1DX7fE85waV8CI,Klare Kante
0JQ5DAqbMKFDXXwE9BDJAr,Rock,37i9dQZF1DWWGMxzhzY9gE,not just a phase
0JQ5DAqbMKFDXXwE9BDJAr,Rock,37i9dQZF1DWTKihkFkHXam,Alles Rock
0JQ5DAudkNjCgYMM0TZXDw,Charts,37i9dQZEVXbNG2KDcFcKOF,Top Songs - Global
0JQ5DAudkNjCgYMM0TZXDw,Charts,37i9dQZEVXbK8BKKMArIyl,Top Songs - Germany
0JQ5DAudkNjCgYMM0TZXDw,Charts,37i9dQZEVXbMDoHDwVN2tF,Top 50 - Global
0JQ5DAudkNjCgYMM0TZXDw,Charts,37i9dQZEVXbJiZcmkrIHGU,Top 50 - Germany
0JQ5DAudkNjCgYMM0TZXDw,Charts,37i9dQZEVXbLiRSasKsNU9,Viral 50 - Global
0JQ5DAqbMKFIRybaNTYXXy,In the car,37i9dQZF1DX4jP4eebSWR9,Hot Hits Deutschland
0JQ5DAqbMKFIRybaNTYXXy,In the car,37i9dQZF1DX36edUJpD76c,Modus Mio
0JQ5DAqbMKFIRybaNTYXXy,In the car,37i9dQZF1DX4uPi2roRUwU,Happy Dance
0JQ5DAqbMKFIRybaNTYXXy,In the car,37i9dQZF1DWX7rdRjOECPW,Sommerhits 2024
0JQ5DAqbMKFIRybaNTYXXy,In the car,37i9dQZF1DWSWyJydK4fTU,Top of the Morning
0JQ5DAqbMKFHOzuVTgTizF,Dance/Electronic,37i9dQZF1DXcfWvNFKxjDo,Dance Brandneu
0JQ5DAqbMKFHOzuVTgTizF,Dance/Electronic,37i9dQZF1DX8AliSIsGeKd,Electronic Rising
0JQ5DAqbMKFHOzuVTgTizF,Dance/Electronic,37i9dQZF1DX7ZUug1ANKRP,Main Stage
0JQ5DAqbMKFHOzuVTgTizF,Dance/Electronic,37i9dQZF1DX6J5NfMJS675,TECHNO BUNKER
0JQ5DAqbMKFHOzuVTgTizF,Dance/Electronic,37i9dQZF1DWVCHIm2MEeIy,Electronic Circus
0JQ5DAqbMKFFzDl7qN9Apr,Chill,37i9dQZF1DWTvNyxOwkztu,Chillout Lounge
0JQ5DAqbMKFFzDl7qN9Apr,Chill,37i9dQZF1DX05r4Oy3Ln97,Summer House 2024
0JQ5DAqbMKFFzDl7qN9Apr,Chill,37i9dQZF1DXaIrEwuQ3hyy,Fr√ºhlings Chillout
0JQ5DAqbMKFFzDl7qN9Apr,Chill,37i9dQZF1DX4sWSpwq3LiO,Peaceful Piano
0JQ5DAqbMKFFzDl7qN9Apr,Chill,37i9dQZF1DWWQRwui0ExPn,lofi beats
0JQ5DAqbMKFCWjUTdzaG0e,Indie,37i9dQZF1DX8hcTuUCeYxa,Indie Brandneu
0JQ5DAqbMKFCWjUTdzaG0e,Indie,37i9dQZF1DX07Bg0Q5GozA,OFF POP
0JQ5DAqbMKFCWjUTdzaG0e,Indie,37i9dQZF1DWW4HjhBfHmYg,Alternative Austria
0JQ5DAqbMKFCWjUTdzaG0e,Indie,37i9dQZF1DWYLrJMKb5Zzd,Deutscher Indie
0JQ5DAqbMKFCWjUTdzaG0e,Indie,37i9dQZF1DX2ddCYH6QIK5,Fresh Finds GSA
0JQ5DAqbMKFImHYGo3eTSg,Fresh Finds,37i9dQZF1DWWjGdmeTyeJ6,Fresh Finds
0JQ5DAqbMKFImHYGo3eTSg,Fresh Finds,37i9dQZF1DWT0upuUFtT7o,Fresh Finds Indie
0JQ5DAqbMKFImHYGo3eTSg,Fresh Finds,37i9dQZF1DWUFAJPVM3HTX,Fresh Finds R&B
0JQ5DAqbMKFImHYGo3eTSg,Fresh Finds,37i9dQZF1DXcWL5K0oNHcG,Fresh Finds Jazz
0JQ5DAqbMKFImHYGo3eTSg,Fresh Finds,37i9dQZF1DWW4igXXl2Qkp,Fresh Finds Hip-Hop
0JQ5DAqbMKFPw634sFwguI,EQUAL,37i9dQZF1DWU8quswnFt3c,EQUAL
0JQ5DAqbMKFPw634sFwguI,EQUAL,37i9dQZF1DX3WvGXE8FqYX,Women of Pop
0JQ5DAqbMKFPw634sFwguI,EQUAL,37i9dQZF1DX1wNY9tfWQsS,Women of R&B
0JQ5DAqbMKFPw634sFwguI,EQUAL,37i9dQZF1DXd0ZFXhY0CRF,Women of Rock
0JQ5DAqbMKFPw634sFwguI,EQUAL,37i9dQZF1DWVA5o3WHL2eG,EQUAL GSA
0JQ5DAqbMKFOOxftoKZxod,RADAR,37i9dQZF1DX3Vl51vsat7a,RADAR GSA
0JQ5DAqbMKFOOxftoKZxod,RADAR,37i9dQZF1DX2TlTLxcIo6J,RADAR Songwriters
0JQ5DAqbMKFOOxftoKZxod,RADAR,37i9dQZF1DWTU63finroJM,RADAR Global 
0JQ5DAqbMKFOOxftoKZxod,RADAR,37i9dQZF1DWY0DyDKedRYY,RADAR US
0JQ5DAqbMKFOOxftoKZxod,RADAR,37i9dQZF1DWYc8Z858eGwP,RADAR Africa
0JQ5DAqbMKFAXlCG6QvYQ4,Workout,37i9dQZF1DX5FlZmJ3JWL1,Fit Beats 
0JQ5DAqbMKFAXlCG6QvYQ4,Workout,37i9dQZF1DX36TRAnIL92N,Techno Workout
0JQ5DAqbMKFAXlCG6QvYQ4,Workout,37i9dQZF1DXdxcBWuJkbcy,Gym Hits
0JQ5DAqbMKFAXlCG6QvYQ4,Workout,37i9dQZF1DX6scD2GXri65,Hardstyle Gym üí™
0JQ5DAqbMKFAXlCG6QvYQ4,Workout,37i9dQZF1DX76Wlfdnj7AP,Beast Mode
0JQ5DAqbMKFCuoRTxhYWow,Sleep,37i9dQZF1DWZd79rJ6a7lp,Sleep
0JQ5DAqbMKFCuoRTxhYWow,Sleep,37i9dQZF1DWUZ5bk6qqDSy,White Noise 10 Hours
0JQ5DAqbMKFCuoRTxhYWow,Sleep,37i9dQZF1DXbcPC6Vvqudd,Night Rain
0JQ5DAqbMKFCuoRTxhYWow,Sleep,37i9dQZF1DWYcDQ1hSjOpY,Deep Sleep
0JQ5DAqbMKFCuoRTxhYWow,Sleep,37i9dQZF1DX3WdioUzkg8I,Fall Asleep
0JQ5DAqbMKFA6SOHvT3gck,Party,37i9dQZF1DX9EM98aZosoy,Partyhymnen
0JQ5DAqbMKFA6SOHvT3gck,Party,37i9dQZF1DWVWiyE9VDkCO,Party Deluxe
0JQ5DAqbMKFA6SOHvT3gck,Party,37i9dQZF1DX1i11qSEWNoS,schiebt anders
0JQ5DAqbMKFA6SOHvT3gck,Party,37i9dQZF1DX802IXCAaWtY,90s Dance Party
0JQ5DAqbMKFA6SOHvT3gck,Party,37i9dQZF1DX7F6T2n2fegs,Throwback Party
0JQ5DAqbMKFx0uLQR2okcc,At Home,37i9dQZF1DX0SM0LYsmbMT,Jazz Vibes
0JQ5DAqbMKFx0uLQR2okcc,At Home,37i9dQZF1DX1htCFhfVtyK,Zuhause
0JQ5DAqbMKFx0uLQR2okcc,At Home,37i9dQZF1DX4sWSpwq3LiO,Peaceful Piano
0JQ5DAqbMKFx0uLQR2okcc,At Home,37i9dQZF1DX3Ogo9pFvBkY,Ambient Relaxation
0JQ5DAqbMKFx0uLQR2okcc,At Home,37i9dQZF1DWXe9gFZP0gtP,Stress Relief
0JQ5DAqbMKFCbimwdOYlsl,Focus,37i9dQZF1DWZeKCadgRdKQ,Deep Focus
0JQ5DAqbMKFCbimwdOYlsl,Focus,37i9dQZF1DWSluGMsH1R9r,Perfect Concentration
0JQ5DAqbMKFCbimwdOYlsl,Focus,37i9dQZF1DWZZbwlv3Vmtr,Focus Flow
0JQ5DAqbMKFCbimwdOYlsl,Focus,37i9dQZF1DWYmSg58uBxin,Positive Focus
0JQ5DAqbMKFCbimwdOYlsl,Focus,37i9dQZF1DX45qfzFXwcta,Boom Bap Focus
0JQ5DAqbMKFIVNxQgRNSg0,Decades,37i9dQZF1DWXeOurMWUII5,2000er Hits
0JQ5DAqbMKFIVNxQgRNSg0,Decades,37i9dQZF1DWTWEW1zqSeEj,90er Hits
0JQ5DAqbMKFIVNxQgRNSg0,Decades,37i9dQZF1DXdCc7Q1hwtuv,80er Hits
0JQ5DAqbMKFIVNxQgRNSg0,Decades,37i9dQZF1DX4o1oenSJRJd,All Out 2000s
0JQ5DAqbMKFIVNxQgRNSg0,Decades,37i9dQZF1DX4UtSsGT1Sbe,All Out 80s
0JQ5DAqbMKFxXaXKP7zcDp,Latin,37i9dQZF1DX10zKzsJ2jva,Viva Latino
0JQ5DAqbMKFxXaXKP7zcDp,Latin,37i9dQZF1DWY7IeIP1cdjF,Baila Reggaeton
0JQ5DAqbMKFxXaXKP7zcDp,Latin,37i9dQZF1DWYK2yx0OW9Kj,Workout Latino
0JQ5DAqbMKFxXaXKP7zcDp,Latin,37i9dQZF1DX8SfyqmSFDwe,Old School Reggaeton
0JQ5DAqbMKFxXaXKP7zcDp,Latin,37i9dQZF1DXaR954ExpGKR,Latino Global
0JQ5DAqbMKFEZPnFQSFB1T,R&B,37i9dQZF1DX4SBhb3fqCJd,RNB X
0JQ5DAqbMKFEZPnFQSFB1T,R&B,37i9dQZF1DX2PG4mbkilf3,Mood Ring 
0JQ5DAqbMKFEZPnFQSFB1T,R&B,37i9dQZF1DX942d1NzGgzk,R&B UK
0JQ5DAqbMKFEZPnFQSFB1T,R&B,37i9dQZF1DX0SlHbqMm3vJ,Ginger Me
0JQ5DAqbMKFEZPnFQSFB1T,R&B,37i9dQZF1DXbirtHQBuwCo,TrenChill K-R&B
0JQ5DAqbMKFAUsdyVjCQuL,Love,37i9dQZF1DX8Zl33If947W,Liebeslieder
0JQ5DAqbMKFAUsdyVjCQuL,Love,37i9dQZF1DWZSeAwtQzvji,Sanfter Pop
0JQ5DAqbMKFAUsdyVjCQuL,Love,37i9dQZF1DXbrUpGvoi3TS,Broken Heart
0JQ5DAqbMKFAUsdyVjCQuL,Love,37i9dQZF1DWYMvTygsLWlG,Love Ballads
0JQ5DAqbMKFAUsdyVjCQuL,Love,37i9dQZF1DXdl6IPOySdX4,goosebumps
0JQ5DAqbMKFFoimhOqWzLB,Kids & Family,37i9dQZF1DXecgCDnEPSBf,Kita Hits
0JQ5DAqbMKFFoimhOqWzLB,Kids & Family,37i9dQZF1DX7lk7hiGiH2z,Familienzeit: Fr√ºhling
0JQ5DAqbMKFFoimhOqWzLB,Kids & Family,37i9dQZF1DXb651y4Mmljv,Disney Hits Deutschland
0JQ5DAqbMKFFoimhOqWzLB,Kids & Family,37i9dQZF1DX12qgyzUprB6,Spielzeit
0JQ5DAqbMKFFoimhOqWzLB,Kids & Family,37i9dQZF1DXd1EjgVeNdvl,Gute Nacht
0JQ5DAqbMKFDkd668ypn6O,Metal,37i9dQZF1DWTcqUzwhNmKv,Kickass Metal
0JQ5DAqbMKFDkd668ypn6O,Metal,37i9dQZF1DX5J7FIl4q56G,All New Metal
0JQ5DAqbMKFDkd668ypn6O,Metal,37i9dQZF1DXdiUbJTV2anj,New Blood
0JQ5DAqbMKFDkd668ypn6O,Metal,37i9dQZF1DWXIcbzpLauPS,The Core
0JQ5DAqbMKFDkd668ypn6O,Metal,37i9dQZF1DWY5ai7gxfuaS,Alternative Metal
0JQ5DAqbMKFAJ5xb0fwo9m,Jazz,37i9dQZF1DWVqfgj8NZEp1,Coffee Table Jazz
0JQ5DAqbMKFAJ5xb0fwo9m,Jazz,37i9dQZF1DX4wta20PHgwo,Late Night Jazz
0JQ5DAqbMKFAJ5xb0fwo9m,Jazz,37i9dQZF1DWT4nLmUaFDGb,Easy Jazz
0JQ5DAqbMKFAJ5xb0fwo9m,Jazz,37i9dQZF1DXbITWG1ZJKYt,Jazz Classics
0JQ5DAqbMKFAJ5xb0fwo9m,Jazz,37i9dQZF1DWTR4ZOXTfd9K,Jazz Classics Blue Note Edition
0JQ5DAqbMKFQIL0AXnG5AK,Trending,37i9dQZF1DX36edUJpD76c,Modus Mio
0JQ5DAqbMKFQIL0AXnG5AK,Trending,37i9dQZF1DX1i11qSEWNoS,schiebt anders
0JQ5DAqbMKFQIL0AXnG5AK,Trending,37i9dQZF1DX0gbcr80GO9l,Viral Hits Deutschland
0JQ5DAqbMKFQIL0AXnG5AK,Trending,37i9dQZF1DWTBz12MDeCuX,me right now
0JQ5DAqbMKFQIL0AXnG5AK,Trending,37i9dQZF1DX5Vy6DFOcx00,big on the internet
0JQ5DAqbMKFPrEiAOxgac3,Classical,37i9dQZF1DWWEJlAGA9gs0,Classical Essentials
0JQ5DAqbMKFPrEiAOxgac3,Classical,37i9dQZF1DWV0gynK7G6pD,Classical New Releases
0JQ5DAqbMKFPrEiAOxgac3,Classical,37i9dQZF1DWVFeEut75IAL,Calming Classical
0JQ5DAqbMKFPrEiAOxgac3,Classical,37i9dQZF1DWTi57LiHYTmH,Classical in the Background
0JQ5DAqbMKFPrEiAOxgac3,Classical,37i9dQZF1DWUPafHP1BJw1,Pop Goes Classical
0JQ5DAqbMKFy78wprEpAjl,Folk & Acoustic,37i9dQZF1DXcgZcN2HVMoe,Morning Coffee
0JQ5DAqbMKFy78wprEpAjl,Folk & Acoustic,37i9dQZF1DX6tTW0xDxScH,Stay in Bed
0JQ5DAqbMKFy78wprEpAjl,Folk & Acoustic,37i9dQZF1DX6ziVCJnEm59,Your Favorite Coffeehouse
0JQ5DAqbMKFy78wprEpAjl,Folk & Acoustic,37i9dQZF1DWU0ScTcjJBdj,Relax & Unwind
0JQ5DAqbMKFy78wprEpAjl,Folk & Acoustic,37i9dQZF1DX17TxDoLeXxl,Mountain Air
0JQ5DAqbMKFKLfwjuJMoNC,Country,37i9dQZF1DX1lVhptIYRda,Hot Country
0JQ5DAqbMKFKLfwjuJMoNC,Country,37i9dQZF1DWZBCPUIUs2iR,Country's Greatest Hits
0JQ5DAqbMKFKLfwjuJMoNC,Country,37i9dQZF1DX7aUUBCKwo4Y,Country Top 50
0JQ5DAqbMKFKLfwjuJMoNC,Country,37i9dQZF1DWTkxQvqMy4WW,Chillin' on a Dirt Road
0JQ5DAqbMKFKLfwjuJMoNC,Country,37i9dQZF1DWVpjAJGB70vU,90s Country
0JQ5DAqbMKFIxnofjQmnmn,Disney,37i9dQZF1DXb651y4Mmljv,Disney Hits Deutschland
0JQ5DAqbMKFIxnofjQmnmn,Disney,37i9dQZF1DX2MZGwtqhL5S,Disney Lieder zum Einschlafen
0JQ5DAqbMKFIxnofjQmnmn,Disney,37i9dQZF1DXc0szVa6Tfog,Die Eisk√∂nigin - Alle Lieder
0JQ5DAqbMKFIxnofjQmnmn,Disney,37i9dQZF1DWSwdDfrTTq40,Disney Prinzessinnen
0JQ5DAqbMKFIxnofjQmnmn,Disney,37i9dQZF1DWWP3xag2ARTK,Disney Junior Deutschland
0JQ5DAqbMKFIpEuaCnimBj,Soul,37i9dQZF1DXbcgQ8d7s0A0,Sweet Soul Chillout
0JQ5DAqbMKFIpEuaCnimBj,Soul,37i9dQZF1DX9XIFQuFvzM4,Feelin' Good
0JQ5DAqbMKFIpEuaCnimBj,Soul,37i9dQZF1DWULEW2RfoSCi,70s Soul Classics
0JQ5DAqbMKFIpEuaCnimBj,Soul,37i9dQZF1DWTx0xog3gN3q,Uplifting Soul Classics
0JQ5DAqbMKFIpEuaCnimBj,Soul,37i9dQZF1DX70TzPK5buVf,Funk Outta Here
0JQ5DAqbMKFCfObibaOZbv,Gaming,37i9dQZF1DWWY64wDtewQt,phonk
0JQ5DAqbMKFCfObibaOZbv,Gaming,37i9dQZF1DWUoAkqFHJmQZ,Game Zone
0JQ5DAqbMKFCfObibaOZbv,Gaming,37i9dQZF1DWTyiBJ6yEqeu,Top Gaming Tracks
0JQ5DAqbMKFCfObibaOZbv,Gaming,37i9dQZF1DWYN9NBqvY7Tx,Ultra Gaming
0JQ5DAqbMKFCfObibaOZbv,Gaming,37i9dQZF1DX3rXtgePifMs,EA SPORTS FC 24 Official Soundtrack
0JQ5DAqbMKFGnsSfvg90Wo,GLOW,37i9dQZF1DX3LyU0mhfqgP,GLOW
0JQ5DAqbMKFGnsSfvg90Wo,GLOW,37i9dQZF1DWViyN2b86Qnu,Transcend
0JQ5DAqbMKFGnsSfvg90Wo,GLOW,37i9dQZF1DWZREeDGwM6aE,Pioneers
0JQ5DAqbMKFGnsSfvg90Wo,GLOW,37i9dQZF1DWTMR78LDoAZC,Alternative Pride
0JQ5DAqbMKFGnsSfvg90Wo,GLOW,37i9dQZF1DX3iDTU5OeufK,Inventad√≠simas
0JQ5DAqbMKFOzQeOmemkuw,TV & Movies,37i9dQZF1DXbLzW15wHm9R,needle drop
0JQ5DAqbMKFOzQeOmemkuw,TV & Movies,37i9dQZF1DXb69UWhjrXsW,Hits From The Movies
0JQ5DAqbMKFOzQeOmemkuw,TV & Movies,37i9dQZF1DX1tz6EDao8it,Iconic Soundtracks
0JQ5DAqbMKFOzQeOmemkuw,TV & Movies,37i9dQZF1DX4Jyx1uIhxnP,Indie Cinema
0JQ5DAqbMKFOzQeOmemkuw,TV & Movies,37i9dQZF1DXar0WmW5YgAc,Soundtrack Love Songs
0JQ5DAqbMKFRieVZLLoo9m,Instrumental,37i9dQZF1DX4sWSpwq3LiO,Peaceful Piano
0JQ5DAqbMKFRieVZLLoo9m,Instrumental,37i9dQZF1DWZd79rJ6a7lp,Sleep
0JQ5DAqbMKFRieVZLLoo9m,Instrumental,37i9dQZF1DX3Ogo9pFvBkY,Ambient Relaxation
0JQ5DAqbMKFRieVZLLoo9m,Instrumental,37i9dQZF1DWVqfgj8NZEp1,Coffee Table Jazz
0JQ5DAqbMKFRieVZLLoo9m,Instrumental,37i9dQZF1DWXe9gFZP0gtP,Stress Relief
0JQ5DAqbMKFLb2EqgLtpjC,Wellness,37i9dQZF1DWZqd5JICZI0u,Peaceful Meditation
0JQ5DAqbMKFLb2EqgLtpjC,Wellness,37i9dQZF1DX9uKNf5jGX6m,Yoga & Meditation
0JQ5DAqbMKFLb2EqgLtpjC,Wellness,37i9dQZF1DXebxttQCq0zA,Relaxing Massage
0JQ5DAqbMKFLb2EqgLtpjC,Wellness,37i9dQZF1DXdzGIPNRTvyN,Dreamy Forest Music
0JQ5DAqbMKFLb2EqgLtpjC,Wellness,37i9dQZF1DX1tuUiirhaT3,Meditate to the Sounds of Nature
0JQ5DAqbMKFAjfauKLOZiv,Punk,37i9dQZF1DX7fE85waV8CI,Klare Kante
0JQ5DAqbMKFAjfauKLOZiv,Punk,37i9dQZF1DX3MU5XUozve7,Skatepark Punks
0JQ5DAqbMKFAjfauKLOZiv,Punk,37i9dQZF1DXasneILDRM7B,Pure Pop Punk
0JQ5DAqbMKFAjfauKLOZiv,Punk,37i9dQZF1DXb1IUaS6F7Z8,Celtic Punk
0JQ5DAqbMKFAjfauKLOZiv,Punk,37i9dQZF1DX9wa6XirBPv8,Emo Forever
0JQ5DAqbMKFLjmiZRss79w,Ambient,37i9dQZF1DX9c7yCloFHHL,Ambient X
0JQ5DAqbMKFLjmiZRss79w,Ambient,37i9dQZF1DX4CZc00Cxa3X,The Listening Room
0JQ5DAqbMKFLjmiZRss79w,Ambient,37i9dQZF1DWUrPBdYfoJvz,Ambient Essentials
0JQ5DAqbMKFLjmiZRss79w,Ambient,37i9dQZF1DXdf43Md5h6cE,Ambient Dreamscapes
0JQ5DAqbMKFLjmiZRss79w,Ambient,37i9dQZF1DXaJ6UYQLBB2k,Ambient 1990s
0JQ5DAqbMKFQiK2EHwyjcU,Blues,37i9dQZF1DXd9rSDyQguIk,Blues Classics
0JQ5DAqbMKFQiK2EHwyjcU,Blues,37i9dQZF1DXcu3QLJudo4X,Blues Standards
0JQ5DAqbMKFQiK2EHwyjcU,Blues,37i9dQZF1DX9GnjlK17CLK,Electric Blues Classics
0JQ5DAqbMKFQiK2EHwyjcU,Blues,37i9dQZF1DX9GSZDbrndTa,Jazz-Blues
0JQ5DAqbMKFQiK2EHwyjcU,Blues,37i9dQZF1DWWhiW4fdIska,Classic Blues Guitar
0JQ5DAqbMKFRY5ok2pxXJ0,Cooking & Dining,37i9dQZF1DX4xuWVBs4FgJ,Dinner with Friends
0JQ5DAqbMKFRY5ok2pxXJ0,Cooking & Dining,37i9dQZF1DX2FsCLsHeMrM,Kitchen Swagger
0JQ5DAqbMKFRY5ok2pxXJ0,Cooking & Dining,37i9dQZF1DXbm6HfkbMtFZ,Feel Good Dinner
0JQ5DAqbMKFRY5ok2pxXJ0,Cooking & Dining,37i9dQZF1DWVUxkQFrGCkK,Umami
0JQ5DAqbMKFRY5ok2pxXJ0,Cooking & Dining,37i9dQZF1DX5Vpt0fhumU1,Spanish Tapas Bar
0JQ5DAqbMKFFtlLYUHv8bT,Alternative,37i9dQZF1DWUWMh0bqZPTE,AlternaRap
0JQ5DAqbMKFFtlLYUHv8bT,Alternative,37i9dQZF1DWWmsWPbM2pKT,Darkwave
0JQ5DAqbMKFFtlLYUHv8bT,Alternative,37i9dQZF1DX0Nb1cyWS6Tq,Dark & Gothic
0JQ5DAqbMKFFtlLYUHv8bT,Alternative,37i9dQZF1DWT7XSlwvR1ar,Totally Stress Free
0JQ5DAqbMKFFtlLYUHv8bT,Alternative,37i9dQZF1DWSAm0NxvFu7q,Viral Rock
0JQ5DAqbMKFAQy4HL4XU2D,Travel,37i9dQZF1DWWMOmoXKqHTD,Songs to Sing in the Car
0JQ5DAqbMKFAQy4HL4XU2D,Travel,37i9dQZF1DX2ogDiL6nZJr,Van Life
0JQ5DAqbMKFAQy4HL4XU2D,Travel,37i9dQZF1DX9wC1KY45plY,Classic Road Trip Songs
0JQ5DAqbMKFAQy4HL4XU2D,Travel,37i9dQZF1DX76cnmxfAAhD,90s Road Trip
0JQ5DAqbMKFAQy4HL4XU2D,Travel,37i9dQZF1DWWiDhnQ2IIru,70s Road Trip
0JQ5DAqbMKFJKoGyUMo2hE,Reggae,37i9dQZF1DXbwoaqxaoAVr,Summer Sunshine Reggae
0JQ5DAqbMKFJKoGyUMo2hE,Reggae,37i9dQZF1DXbSbnqxMTGx9,Reggae Classics
0JQ5DAqbMKFJKoGyUMo2hE,Reggae,37i9dQZF1DWSiyIBdVQrkk,One Love
0JQ5DAqbMKFJKoGyUMo2hE,Reggae,37i9dQZF1DWWDLvD3P5wOG,Dancehall Throwback
0JQ5DAqbMKFJKoGyUMo2hE,Reggae,37i9dQZF1DWYtKpmml7moA,Chilled Reggae
0JQ5DAqbMKFObNLOHydSW8,Caribbean,37i9dQZF1DXbSbnqxMTGx9,Reggae Classics
0JQ5DAqbMKFObNLOHydSW8,Caribbean,37i9dQZF1DWSiyIBdVQrkk,One Love
0JQ5DAqbMKFObNLOHydSW8,Caribbean,37i9dQZF1DWWDLvD3P5wOG,Dancehall Throwback
0JQ5DAqbMKFObNLOHydSW8,Caribbean,37i9dQZF1DWYtKpmml7moA,Chilled Reggae
0JQ5DAqbMKFObNLOHydSW8,Caribbean,37i9dQZF1DX0cNYCfLOrsu,Dancehall Queen
0JQ5DAqbMKFNQ0fGp4byGU,Afro,37i9dQZF1DWYkaDif7Ztbp,African Heat
0JQ5DAqbMKFNQ0fGp4byGU,Afro,37i9dQZF1DWYs2pvwxWA7l,Afropop
0JQ5DAqbMKFNQ0fGp4byGU,Afro,37i9dQZF1DWT6SJaitNDax,Big Mood
0JQ5DAqbMKFNQ0fGp4byGU,Afro,37i9dQZF1DWUS3jbm4YExP,Global Groove
0JQ5DAqbMKFNQ0fGp4byGU,Afro,37i9dQZF1DWSjibQnF0bUk,Afro Party Anthems
0JQ5DAqbMKFSCjnQr8QZ3O,Songwriters,37i9dQZF1DX1dd5WKvvHTC,Noteable
0JQ5DAqbMKFSCjnQr8QZ3O,Songwriters,37i9dQZF1EFGHODOCcCxrj,Written By Danny L Harle
0JQ5DAqbMKFSCjnQr8QZ3O,Songwriters,37i9dQZF1EFEV4d0s2cp9N,Written By BLVSH
0JQ5DAqbMKFSCjnQr8QZ3O,Songwriters,37i9dQZF1EFC2wbN3v6RhP,Written By Taylor Swift
0JQ5DAqbMKFSCjnQr8QZ3O,Songwriters,37i9dQZF1EFyqhBuzEZK8S,Written By Jack Antonoff
0JQ5DAqbMKFFsW9N8maB6z,Funk & Disco,37i9dQZF1DWUS3jbm4YExP,Global Groove
0JQ5DAqbMKFFsW9N8maB6z,Funk & Disco,37i9dQZF1DX70TzPK5buVf,Funk Outta Here
0JQ5DAqbMKFFsW9N8maB6z,Funk & Disco,37i9dQZF1DXdJyxIBq7Xdy,Queens of Disco
0JQ5DAqbMKFFsW9N8maB6z,Funk & Disco,37i9dQZF1DX9stbPFTxeaB,Funky Heavy Bluesy
0JQ5DAqbMKFFsW9N8maB6z,Funk & Disco,37i9dQZF1DXbjGYBfEmjR5,Future Funk
